module_id, length, media_count, individual_runtime
25,None,1,None
727,1957,1,1957
728,1379,4,214+140+513+512
63,None,1,None
65,None,0(Image),None
729,3414,6,925+452+470+502+616+449
730,1113,3,459+343+311
78,285,1,285
88,None,1,None
731,1145,3,78+457+610
86,329,1,329
732,1432,2,170+1262
733,426,2,127+299
734,3969,2,3625+344
114,231,1,231
115,1543,1,1543
735,1644,2,135+1509
736,1532,2,399+1133
134,300,1,300
135,280,1,280
260,646,1,646
144,507,1,507
233,340,1,340
296,408,1,408
188,423,1,423
189,226,1,226
190,400,1,400
217,424,1,424
176,300,1,300
297,348,1,348
298,323,1,323
153,372,1,372
199,335,1,335
208,368,1,368
242,445,1,445
269,160,1,160
278,415,1,415
287,869,1,869
306,501,1,501
313,461,1,461
321,796,1,796
329,903,1,903
341,462,1,462
350,316,1,316
359,661,1,661
368,100,1,100
377,102,1,102
386,323,1,323
394,399,1,399
405,942,2,533+409
24,1887,1,1887
695,363,1,363
694,242,1,242
693,133,1,133
692,144,1,144
691,351,1,351
690,117,1,117
689,155,1,155
688,161,1,161
687,160,1,160
686,185,1,185
133,158,1,158
259,300,1,300
143,152,1,152
231,136,1,136
232,140,1,140
187,122,1,122
216,153,1,153
173,118,1,118
174,125,1,125
175,126,1,126
152,128,1,128
198,190,1,190
207,154,1,154
241,123,1,123
268,104,1,104
277,139,1,139
286,134,1,134
658,193,1,193
659,157,1,157
660,228,1,228
661,256,1,256
340,1907,1,1907
349,3543,1,3543
358,3580,1,3580
367,227,1,227
376,215,1,215
385,3549,1,3549
393,816,1,816
404,3732,1,3732